{"cameraMode":{"drawMode":0,"name":"Shaded","section":"Shading Mode"},"sceneLighting":true,"audioPlay":false,"sceneViewState":{"showFog":true,"showMaterialUpdate":false,"showSkybox":true,"showFlares":true,"showImageEffects":true,"showParticleSystems":true},"in2DMode":false,"pivot":{"x":2.1687674522399904,"y":-1.2591426372528077,"z":5.114313125610352},"rotation":{"x":-0.10370875149965286,"y":-0.17833290994167329,"z":0.018890341743826867,"w":-0.9783273935317993},"size":8.728134155273438,"orthographic":false}